repo_name,time_period,prs_opened,commits,commit_additions,commit_deletions,commit_changes_total,commit_files_changed_count,pr_commits,pr_commit_additions,pr_commit_deletions,pr_commit_changes_total,pr_commit_files_changed_count,push_commits,push_commit_additions,push_commit_deletions,push_commit_changes_total,push_commit_files_changed_count,commits_lt100,commit_additions_lt100,commit_deletions_lt100,commit_changes_total_lt100,commit_files_changed_count_lt100,push_commits_lt100,push_commit_additions_lt100,push_commit_deletions_lt100,push_commit_changes_total_lt100,push_commit_files_changed_count_lt100,pr_commits_lt100,pr_commit_additions_lt100,pr_commit_deletions_lt100,pr_commit_changes_total_lt100,pr_commit_files_changed_count_lt100,comments,issue_comments,pr_comments,own_issue_comments,helping_issue_comments,own_pr_comments,helping_pr_comments,linked_pr_issue_comments,issues_opened,issues_opened_with_linked_pr,pr_reviews,pr_review_comments,prs_merged,issues_closed,first_period,final_period,closed_issue,closed_in_30_days,closed_in_60_days,closed_in_90_days,closed_in_180_days,closed_in_360_days,prs_closed_unmerged,p_prs_closed_unmerged,p_prs_merged,p_review_state_commented,p_review_state_approved,p_review_state_changes_requested,p_prs_merged_30d,p_prs_merged_60d,p_prs_merged_90d,p_prs_merged_180d,p_prs_merged_360d,prs_closed,p_prs_closed,mean_pr_reviews,time_index,departed_actor_id,last_pre_period,treatment_period,abandoned_date,treated_project,treatment,treatment_group,total_important,total_nodes,mean_cluster_overlap,avg_clusters_per_node,pct_nodes_one_cluster,HHI_normalized_degree,HHI_individual_coverage,HHI_individual_coverage_cluster,normalized_degree,imp_to_other_avg_edge_weight,important,imp_to_other_perc_10,imp_to_other_perc_25,imp_to_other_perc_50,imp_to_other_perc_75,imp_to_other_perc_90,imp_to_imp_avg_edge_weight,imp_to_imp_perc_10,imp_to_imp_perc_25,imp_to_imp_perc_50,imp_to_imp_perc_75,imp_to_imp_perc_90,individual_node_coverage,individual_coverage_cluster,overall_overlap,weighted_overall_overlap,prop_important,total_downloads,total_downloads_one_project,total_downloads_period,total_downloads_one_project_period
TheHive-Project/Cortex-Analyzers,2017-01-01,0.5,1,222,0,222,6,1,222,0,222,6,0,0,0,0,0,1,222,0,222,6,0,0,0,0,0,1,222,0,222,6,0,0,0,0,0,0,0,0,0,0,0,0,0,0,2017-01-01T00:00:00Z,2023-07-01,,,,,,,,,,,,,,,,,,,,,5,2846609,2020-01-01,2020-07-01,,1,0,12,,,,,,,,,,,,,,,,,,,,,,,,,,,,,,,
TheHive-Project/Cortex-Analyzers,2017-07-01,12.5,33,15893,5782,21675,699,19,8250,4148,12398,331,14,7643,1634,9277,368,30,5470,1374,6844,208,12,3140,741,3881,149,18,2330,633,2963,59,13,8,5,2,6,0,5,10,7,7,0,0,6,7,2017-01-01T00:00:00Z,2023-07-01,,,,,,,,,,,,,,,,,,,,,6,2846609,2020-01-01,2020-07-01,,1,0,12,,,,,,,,,,,,,,,,,,,,,,,,,,,,,,,
TheHive-Project/Cortex-Analyzers,2018-01-01,16,308,88285,44943,133228,3905,25,2966,618,3584,107,283,85319,44325,129644,3798,292,48003,24255,72258,2086,267,45037,23637,68674,1979,25,2966,618,3584,107,232,161,71,59,102,24,47,90,111,59,0,10,23,70,2017-01-01T00:00:00Z,2023-07-01,,,,,,,,,,,,,,,,,,,,,7,2846609,2020-01-01,2020-07-01,,1,0,12,3,49,41.304347826087,1.28947368421053,78.9473684210526,0.385355029585799,0.39192003331945,0.39192003331945,0.5625,4.52,TRUE,1,1,3,5,10.8,6.5,6.1,6.25,6.5,6.75,6.9,53.0612244897959,68.421052631579,32,60.1769911504425,0.0612244897959184,,,,
TheHive-Project/Cortex-Analyzers,2018-07-01,27,229,95413,32919,128332,3461,37,22329,2647,24976,312,192,73084,30272,103356,3149,219,56704,14036,70740,1518,183,36255,13084,49339,1366,36,20449,952,21401,152,191,141,50,52,89,12,38,68,96,49,0,18,31,60,2017-01-01T00:00:00Z,2023-07-01,,,,,,,,,,,,,,,,,,,,,8,2846609,2020-01-01,2020-07-01,,1,0,12,3,43,41.4634146341463,1.25714285714286,77.1428571428572,0.33802055164954,0.338842975206612,0.338842975206612,0.380952380952381,4.13333333333333,TRUE,1,2,3,5.5,8.4,2,2,2,2,2,2,37.2093023255814,45.7142857142857,40,45.1612903225806,0.0697674418604651,,,,
TheHive-Project/Cortex-Analyzers,2019-01-01,27.5,124,100251,38283,138534,1244,39,16738,6152,22890,623,85,83513,32131,115644,621,123,86610,33135,119745,767,85,83513,32131,115644,621,38,3097,1004,4101,146,178,111,67,37,74,27,40,74,72,43,0,2,23,40,2017-01-01T00:00:00Z,2023-07-01,,,,,,,,,,,,,,,,,,,,,9,2846609,2020-01-01,2020-07-01,,1,0,12,2,52,25,1.13513513513514,86.4864864864865,0.501133786848073,0.501133786848073,0.501133786848073,0.117647058823529,3.6,FALSE,1.8,3,4,4,5.2,7,7,7,7,7,7,,,,,0.0384615384615385,9178,9178,12574058189,12144150087
TheHive-Project/Cortex-Analyzers,2019-07-01,22.5,99,241734,71322,313056,3694,31,62561,16835,79396,887,68,179173,54487,233660,2807,85,46078,17628,63706,938,56,17334,9160,26494,491,29,28744,8468,37212,447,118,66,52,14,52,19,33,41,45,31,0,0,27,34,2017-01-01T00:00:00Z,2023-07-01,,,,,,,,,,,,,,,,,,,,,10,2846609,2020-01-01,2020-07-01,,1,0,12,3,40,32,1.16666666666667,83.3333333333333,0.334027055150885,0.334183673469388,0.334183673469388,0.256410256410256,3.25,TRUE,1.7,2,2.5,4.25,5.6,1.5,1.1,1.25,1.5,1.75,1.9,22.5,37.5,37.5,30.7692307692308,0.075,10191,10191,17417408741,16836557216
TheHive-Project/Cortex-Analyzers,2020-01-01,38.6666666666667,198,508160,60547,568707,6289,57,104095,21681,125776,1403,141,404065,38866,442931,4886,177,66611,22541,89152,1418,124,59230,9044,68274,1165,53,7381,13497,20878,253,390,204,186,67,137,71,115,249,136,148,0,25,60,75,2017-01-01T00:00:00Z,2023-07-01,,,,,,,,,,,,,,,,,,,,,11,2846609,2020-01-01,2020-07-01,,1,0,12,4,56,56.0606060606061,1.48936170212766,70.2127659574468,0.269888231426693,0.27469387755102,0.27469387755102,0.0545454545454545,5.5,FALSE,2.7,3.75,5.5,7.25,8.3,5,5,5,5,5,5,,,,,0.0714285714285714,16086,16086,22357107133,21565249938
TheHive-Project/Cortex-Analyzers,2020-07-01,19.8333333333333,149,155348,127567,282915,3604,35,41433,29910,71343,822,114,113915,97657,211572,2782,130,22022,8419,30441,811,97,16552,4784,21336,637,33,5470,3635,9105,174,378,269,109,103,166,49,60,185,132,85,22,20,21,53,2017-01-01T00:00:00Z,2023-07-01,,,,,,,,,,,,,,,,,,,,,12,2846609,2020-01-01,2020-07-01,,1,1,12,,,,,,,,,,,,,,,,,,,,,,,,,,,,11903,11903,30584657165,29729975178
TheHive-Project/Cortex-Analyzers,2021-01-01,26,100,152031,57354,209385,3727,45,9776,2620,12396,283,55,142255,54734,196989,3444,89,37804,19173,56977,1049,45,33684,18327,52011,897,44,4120,846,4966,152,176,106,70,50,56,28,42,77,62,37,14,10,21,16,2017-01-01T00:00:00Z,2023-07-01,,,,,,,,,,,,,,,,,,,,,13,2846609,2020-01-01,2020-07-01,,1,1,12,,,,,,,,,,,,,,,,,,,,,,,,,,,,18637,18637,41287849980,40133044925
TheHive-Project/Cortex-Analyzers,2021-07-01,5.5,51,135684,91166,226850,4308,7,4342,116,4458,38,44,131342,91050,222392,4270,41,14164,4894,19058,205,34,9822,4778,14600,167,7,4342,116,4458,38,57,44,13,16,28,5,8,32,38,26,4,4,11,31,2017-01-01T00:00:00Z,2023-07-01,,,,,,,,,,,,,,,,,,,,,14,2846609,2020-01-01,2020-07-01,,1,1,12,,,,,,,,,,,,,,,,,,,,,,,,,,,,19554,19554,55083339709,53314796393
TheHive-Project/Cortex-Analyzers,2022-01-01,4.16666666666667,12,1736,82,1818,53,7,1734,79,1813,38,5,2,3,5,15,12,1736,82,1818,53,5,2,3,5,15,7,1734,79,1813,38,24,18,6,4,14,2,4,10,18,10,0,0,12,14,2017-01-01T00:00:00Z,2023-07-01,,,,,,,,,,,,,,,,,,,,,15,2846609,2020-01-01,2020-07-01,,1,1,12,,,,,,,,,,,,,,,,,,,,,,,,,,,,20895,20895,65259184370,63320115084
TheHive-Project/Cortex-Analyzers,2022-07-01,5.83333333333333,41,134920,33168,168088,2976,10,1333,600,1933,37,31,133587,32568,166155,2939,32,10557,2362,12919,275,22,9224,1762,10986,238,10,1333,600,1933,37,58,46,12,16,30,4,8,18,28,12,6,2,16,19,2017-01-01T00:00:00Z,2023-07-01,,,,,,,,,,,,,,,,,,,,,16,2846609,2020-01-01,2020-07-01,,1,1,12,,,,,,,,,,,,,,,,,,,,,,,,,,,,18803,18803,80389269242,77771994446
TheHive-Project/Cortex-Analyzers,2023-01-01,4,6,153,37,190,9,6,153,37,190,9,0,0,0,0,0,6,153,37,190,9,0,0,0,0,0,6,153,37,190,9,23,17,6,6,11,2,4,2,15,2,1,0,5,8,2017-01-01T00:00:00Z,2023-07-01,,,,,,,,,,,,,,,,,,,,,17,2846609,2020-01-01,2020-07-01,,1,1,12,,,,,,,,,,,,,,,,,,,,,,,,,,,,31492,31492,88721672343,85959083168
encode/django-rest-framework,2016-01-01,1,2,216,2,218,3,2,216,2,218,3,0,0,0,0,0,2,216,2,218,3,0,0,0,0,0,2,216,2,218,3,0,0,0,0,0,0,0,0,0,0,0,0,0,0,2016-01-01T00:00:00Z,2023-07-01,,,,,,,,,,,,,,,,,,,,,3,2370209,2020-07-01,2021-01-01,,1,0,13,,,,,,,,,,,,,,,,,,,,,,,,,,,,,,,
encode/django-rest-framework,2016-07-01,1,1,1,1,2,1,1,1,1,2,1,0,0,0,0,0,1,1,1,2,1,0,0,0,0,0,1,1,1,2,1,0,0,0,0,0,0,0,0,0,0,0,0,0,0,2016-01-01T00:00:00Z,2023-07-01,,,,,,,,,,,,,,,,,,,,,4,2370209,2020-07-01,2021-01-01,,1,0,13,,,,,,,,,,,,,,,,,,,,,,,,,,,,,,,
encode/django-rest-framework,2017-01-01,48.5,131,51099,18275,69374,1336,62,10216,2882,13098,337,69,40883,15393,56276,999,129,15469,6065,21534,747,67,5253,3183,8436,410,62,10216,2882,13098,337,718,492,226,108,384,54,172,378,327,247,0,42,56,105,2016-01-01T00:00:00Z,2023-07-01,,,,,,,,,,,,,,,,,,,,,5,2370209,2020-07-01,2021-01-01,,1,0,13,4,199,44.0366972477064,1.31360946745562,74.5562130177515,0.360113421550095,0.368192516841165,0.368192516841165,0.101010101010101,1.64705882352941,TRUE,1,1,1,2,3,8.33333333333333,2.8,5.5,10,12,13.2,9.04522613065327,10.6508875739645,64.7058823529412,71.4285714285714,0.0201005025125628,,,,
encode/django-rest-framework,2017-07-01,175.5,528,43745,31560,75305,1485,310,14376,7933,22309,792,218,29369,23627,52996,693,527,39886,29942,69828,1345,218,29369,23627,52996,693,309,10517,6315,16832,652,1673,993,680,218,775,215,465,1085,658,641,0,148,189,258,2016-01-01T00:00:00Z,2023-07-01,,,,,,,,,,,,,,,,,,,,,6,2370209,2020-07-01,2021-01-01,,1,0,13,4,392,46.6230936819172,1.36176470588235,73.2352941176471,0.300742423627733,0.302511090689419,0.302511090689419,0.168797953964194,2.25396825396825,TRUE,1,1,1,2,5,56,30.8,32,34,69,90,16.3265306122449,18.8235294117647,65.0793650793651,66.9014084507042,0.0102040816326531,,,,
encode/django-rest-framework,2018-01-01,95,248,24411,21364,45775,832,129,3509,2644,6153,262,119,20902,18720,39622,570,248,24411,21364,45775,832,119,20902,18720,39622,570,129,3509,2644,6153,262,1091,629,462,131,498,149,313,703,445,441,0,109,106,158,2016-01-01T00:00:00Z,2023-07-01,,,,,,,,,,,,,,,,,,,,,7,2370209,2020-07-01,2021-01-01,,1,0,13,4,293,41.5929203539823,1.31417624521073,77.3946360153257,0.255931364193472,0.256211272514004,0.256211272514004,0.222602739726027,2.70967741935484,TRUE,1,1,1,2,3,36.6666666666667,23,29,39,45.5,49.4,21.5017064846416,24.1379310344828,58.0645161290323,78.5714285714286,0.0136518771331058,,,,
encode/django-rest-framework,2018-07-01,80,206,123049,88473,211522,1446,106,51464,20798,72262,761,100,71585,67675,139260,685,205,79846,75147,154993,1001,100,71585,67675,139260,685,105,8261,7472,15733,316,966,463,503,106,357,140,363,621,351,388,0,71,76,94,2016-01-01T00:00:00Z,2023-07-01,,,,,,,,,,,,,,,,,,,,,8,2370209,2020-07-01,2021-01-01,,1,0,13,5,258,50.5050505050505,1.39170506912442,70.0460829493088,0.211714715043438,0.212907328625937,0.212907328625937,0.311284046692607,2.27631578947368,TRUE,1,1,1,2,5,29.25,9.3,14.25,24.5,39.5,53,29.8449612403101,35.4838709677419,51.3157894736842,59.5375722543353,0.0193798449612403,,,,
encode/django-rest-framework,2019-01-01,126,257,22052,19219,41271,1013,162,12300,10214,22514,719,95,9752,9005,18757,294,254,17070,14266,31336,636,95,9752,9005,18757,294,159,7318,5261,12579,342,1152,609,543,112,497,185,358,729,440,469,0,123,137,149,2016-01-01T00:00:00Z,2023-07-01,,,,,,,,,,,,,,,,,,,,,9,2370209,2020-07-01,2021-01-01,,1,0,13,4,295,44.5402298850575,1.34351145038168,75.1908396946565,0.251496913580247,0.251565728305785,0.251565728305785,0.32312925170068,2.78260869565217,TRUE,1,1,2,3,4.90000000000001,32.6666666666667,19,23.5,31,41,47,31.5254237288136,35.4961832061069,46.7391304347826,65.234375,0.0135593220338983,8476924,8476924,12574058189,12144150087
encode/django-rest-framework,2019-07-01,106,285,35334,26326,61660,1422,145,7341,3912,11253,603,140,27993,22414,50407,819,284,31140,23965,55105,1223,140,27993,22414,50407,819,144,3147,1551,4698,404,1069,593,476,137,456,150,326,730,395,463,0,157,117,135,2016-01-01T00:00:00Z,2023-07-01,,,,,,,,,,,,,,,,,,,,,10,2370209,2020-07-01,2021-01-01,,1,0,13,5,262,50.1650165016502,1.40639269406393,71.2328767123288,0.249638493415242,0.252761848541069,0.252761848541069,0.452107279693487,3.01754385964912,TRUE,1,1,2,3,5,29.25,9.2,11,27.5,45.75,50.7,43.8931297709924,52.5114155251142,40.3508771929825,47.093023255814,0.0190839694656489,11827705,11827705,17417408741,16836557216
encode/django-rest-framework,2020-01-01,75.5,197,70339,68257,138596,798,100,1763,895,2658,170,97,68576,67362,135938,628,195,4160,1868,6028,371,95,2397,973,3370,201,100,1763,895,2658,170,859,464,395,90,374,137,258,555,330,361,0,124,89,120,2016-01-01T00:00:00Z,2023-07-01,,,,,,,,,,,,,,,,,,,,,11,2370209,2020-07-01,2021-01-01,,1,0,13,4,253,24.3243243243243,1.15897435897436,88.2051282051282,0.283074001022719,0.285456966089749,0.285456966089749,0.222222222222222,2.20754716981132,TRUE,1,1,2,2,4,17.3333333333333,6.4,8.5,12,23.5,30.4,21.3438735177866,27.6923076923077,30.188679245283,37.6068376068376,0.0158102766798419,15955182,15955182,22357107133,21565249938
encode/django-rest-framework,2020-07-01,45.1666666666667,122,26995,12180,39175,1120,59,15488,6135,21623,247,63,11507,6045,17552,873,119,20834,9295,30129,737,60,5346,3160,8506,490,59,15488,6135,21623,247,744,433,311,87,346,110,201,458,337,329,78,74,65,86,2016-01-01T00:00:00Z,2023-07-01,,,,,,,,,,,,,,,,,,,,,12,2370209,2020-07-01,2021-01-01,,1,0,13,6,260,33.9805825242718,1.22543352601156,82.0809248554913,0.224881093935791,0.232778568885724,0.232778568885724,0.108108108108108,2.25,TRUE,1,1,2,3,4.7,2.5,1.3,1.75,2.5,3.25,3.7,9.61538461538462,14.4508670520231,41.6666666666667,57.4074074074074,0.0230769230769231,18776416,18776416,30584657165,29729975178
encode/django-rest-framework,2021-01-01,42,72,18690,6924,25614,337,52,18209,6563,24772,281,20,481,361,842,56,71,3131,857,3988,130,20,481,361,842,56,51,2650,496,3146,74,430,220,210,35,185,73,137,290,177,205,66,34,51,134,2016-01-01T00:00:00Z,2023-07-01,,,,,,,,,,,,,,,,,,,,,13,2370209,2020-07-01,2021-01-01,,1,1,13,,,,,,,,,,,,,,,,,,,,,,,,,,,,23050223,23050223,41287849980,40133044925
encode/django-rest-framework,2021-07-01,31.8333333333333,96,2137,650,2787,280,39,469,136,605,71,57,1668,514,2182,209,96,2137,650,2787,280,57,1668,514,2182,209,39,469,136,605,71,327,132,195,25,107,42,153,233,113,163,78,58,50,46,2016-01-01T00:00:00Z,2023-07-01,,,,,,,,,,,,,,,,,,,,,14,2370209,2020-07-01,2021-01-01,,1,1,13,,,,,,,,,,,,,,,,,,,,,,,,,,,,21540131,21540131,55083339709,53314796393
encode/django-rest-framework,2022-01-01,26,79,819,608,1427,156,32,216,164,380,53,47,603,444,1047,103,79,819,608,1427,156,47,603,444,1047,103,32,216,164,380,53,442,196,246,22,174,43,203,236,168,211,55,39,38,31,2016-01-01T00:00:00Z,2023-07-01,,,,,,,,,,,,,,,,,,,,,15,2370209,2020-07-01,2021-01-01,,1,1,13,,,,,,,,,,,,,,,,,,,,,,,,,,,,24621837,24621837,65259184370,63320115084
encode/django-rest-framework,2022-07-01,36.5,133,2886,3363,6249,404,49,678,675,1353,125,84,2208,2688,4896,279,133,2886,3363,6249,404,84,2208,2688,4896,279,49,678,675,1353,125,732,276,456,43,233,116,340,470,211,321,290,193,77,70,2016-01-01T00:00:00Z,2023-07-01,,,,,,,,,,,,,,,,,,,,,16,2370209,2020-07-01,2021-01-01,,1,1,13,,,,,,,,,,,,,,,,,,,,,,,,,,,,27813116,27813116,80389269242,77771994446
encode/django-rest-framework,2023-01-01,6,57,1672,397,2069,124,6,21,19,40,10,51,1651,378,2029,114,57,1672,397,2069,124,51,1651,378,2029,114,6,21,19,40,10,417,161,256,17,144,78,178,248,136,175,180,109,56,24,2016-01-01T00:00:00Z,2023-07-01,,,,,,,,,,,,,,,,,,,,,17,2370209,2020-07-01,2021-01-01,,1,1,13,,,,,,,,,,,,,,,,,,,,,,,,,,,,35706623,35706623,88721672343,85959083168
flask-admin/flask-admin,2015-01-01,28,128,213993,115147,329140,3030,46,100920,73751,174671,1360,82,113073,41396,154469,1670,119,81627,25929,107556,916,75,37619,9171,46790,389,44,44008,16758,60766,527,190,148,42,49,99,10,32,107,91,67,0,6,32,47,2015-01-01T00:00:00Z,2023-07-01,,,,,,,,,,,,,,,,,,,,,1,3660183,2019-07-01,2020-01-01,,1,0,11,3,53,32.7272727272727,1.18367346938776,81.6326530612245,0.473797366299382,0.488703923900119,0.488703923900119,0.211538461538462,2,TRUE,1,1,1,3,4.2,3.5,2.3,2.75,3.5,4.25,4.7,18.8679245283019,20.4081632653061,33.3333333333333,55.5555555555556,0.0566037735849057,,,,
flask-admin/flask-admin,2015-07-01,99,355,191831,131222,323053,4527,168,122494,71805,194299,2112,187,69337,59417,128754,2415,350,90516,72947,163463,3181,184,55006,49592,104598,2013,166,35510,23355,58865,1168,504,301,203,105,196,73,130,273,193,177,0,26,106,73,2015-01-01T00:00:00Z,2023-07-01,,,,,,,,,,,,,,,,,,,,,2,3660183,2019-07-01,2020-01-01,,1,0,11,2,102,41.4414414414414,1.25555555555556,74.4444444444445,0.517268384368392,0.517268384368392,0.517268384368392,0.118811881188119,2.6,FALSE,1,1,1.5,4,5.1,13.5,13.1,13.25,13.5,13.75,13.9,,,,,0.0196078431372549,,,,
flask-admin/flask-admin,2016-01-01,54.5,182,98403,83347,181750,1797,81,27351,22398,49749,490,101,71052,60949,132001,1307,178,68182,58491,126673,1273,98,49786,43531,93317,917,80,18396,14960,33356,356,263,178,85,51,127,36,49,109,124,73,0,28,52,57,2015-01-01T00:00:00Z,2023-07-01,,,,,,,,,,,,,,,,,,,,,3,3660183,2019-07-01,2020-01-01,,1,0,11,,,,,,,,,,,,,,,,,,,,,,,,,,,,,,,
flask-admin/flask-admin,2016-07-01,34,100,162177,79001,241178,2661,45,80583,32843,113426,757,55,81594,46158,127752,1904,90,18236,10947,29183,459,47,11890,10584,22474,360,43,6346,363,6709,99,188,128,60,36,92,27,33,77,102,56,0,2,42,51,2015-01-01T00:00:00Z,2023-07-01,,,,,,,,,,,,,,,,,,,,,4,3660183,2019-07-01,2020-01-01,,1,0,11,2,76,19.0476190476191,1.1,90,0.674586776859504,0.674586776859504,0.674586776859504,0.0933333333333333,2.28571428571429,FALSE,1,1.5,2,3,3.4,0,0,0,0,0,0,,,,,0.0263157894736842,,,,
flask-admin/flask-admin,2017-01-01,28.5,54,21857,18812,40669,457,46,21856,18811,40667,456,8,1,1,2,1,53,14125,12539,26664,315,8,1,1,2,1,45,14124,12538,26662,314,129,104,25,32,72,10,15,46,89,39,0,4,30,42,2015-01-01T00:00:00Z,2023-07-01,,,,,,,,,,,,,,,,,,,,,5,3660183,2019-07-01,2020-01-01,,1,0,11,3,65,5.88235294117647,1.02777777777778,97.2222222222222,0.625,0.625,0.625,0.015625,1,FALSE,1,1,1,1,1,0,0,0,0,0,0,,,,,0.0461538461538462,,,,
flask-admin/flask-admin,2017-07-01,16,32,359,105,464,65,22,264,92,356,50,10,95,13,108,15,32,359,105,464,65,10,95,13,108,15,22,264,92,356,50,105,73,32,17,56,12,20,32,63,28,0,2,7,20,2015-01-01T00:00:00Z,2023-07-01,,,,,,,,,,,,,,,,,,,,,6,3660183,2019-07-01,2020-01-01,,1,0,11,,,,,,,,,,,,,,,,,,,,,,,,,,,,,,,
flask-admin/flask-admin,2018-01-01,15,38,43788,10606,54394,622,20,537,159,696,67,18,43251,10447,53698,555,37,760,262,1022,115,17,223,103,326,48,20,537,159,696,67,157,125,32,28,97,13,19,85,100,65,0,1,16,31,2015-01-01T00:00:00Z,2023-07-01,,,,,,,,,,,,,,,,,,,,,7,3660183,2019-07-01,2020-01-01,,1,0,11,,,,,,,,,,,,,,,,,,,,,,,,,,,,,,,
flask-admin/flask-admin,2018-07-01,17,108,160168,91469,251637,4351,26,9293,13333,22626,997,82,150875,78136,229011,3354,92,7934,4480,12414,597,71,7217,4095,11312,551,21,717,385,1102,46,252,186,66,43,143,15,51,77,151,55,0,9,36,96,2015-01-01T00:00:00Z,2023-07-01,,,,,,,,,,,,,,,,,,,,,8,3660183,2019-07-01,2020-01-01,,1,0,11,2,59,5.88235294117647,1.02857142857143,97.1428571428572,0.555555555555556,0.555555555555556,0.555555555555556,0.413793103448276,2.1304347826087,TRUE,1,1,2,2,3.8,2,2,2,2,2,2,40.6779661016949,68.5714285714286,4.34782608695652,10.2040816326531,0.0338983050847458,,,,
flask-admin/flask-admin,2019-01-01,17,51,123532,101584,225116,4417,22,111719,92862,204581,3646,29,11813,8722,20535,771,44,6856,1493,8349,283,27,5812,1263,7075,231,17,1044,230,1274,52,187,136,51,28,108,16,35,72,97,56,0,0,24,29,2015-01-01T00:00:00Z,2023-07-01,,,,,,,,,,,,,,,,,,,,,9,3660183,2019-07-01,2020-01-01,,1,0,11,3,61,6.06060606060606,1.02857142857143,97.1428571428572,0.600475624256837,0.591836734693878,0.591836734693878,0.133333333333333,1.71428571428571,TRUE,1,1,2,2,2.4,4,4,4,4,4,4,13.1147540983607,22.8571428571429,14.2857142857143,16.6666666666667,0.0491803278688525,1901224,1901224,12574058189,12144150087
flask-admin/flask-admin,2019-07-01,5,29,10593,8691,19284,688,6,7,7,14,6,23,10586,8684,19270,682,27,2521,967,3488,100,21,2514,960,3474,94,6,7,7,14,6,95,63,32,15,48,8,24,35,52,28,0,1,6,13,2015-01-01T00:00:00Z,2023-07-01,,,,,,,,,,,,,,,,,,,,,10,3660183,2019-07-01,2020-01-01,,1,0,11,5,41,9.65909090909091,1.03846153846154,96.1538461538462,0.526627218934911,0.526627218934911,0.526627218934911,0.2,1.71428571428571,TRUE,1,1,1,2,2.8,1,1,1,1,1,1,19.5121951219512,30.7692307692308,14.2857142857143,8.33333333333333,0.121951219512195,2724110,2724110,17417408741,16836557216
flask-admin/flask-admin,2020-01-01,8,27,1636,653,2289,95,11,91,67,158,16,16,1545,586,2131,79,27,1636,653,2289,95,16,1545,586,2131,79,11,91,67,158,16,107,78,29,15,63,14,15,44,61,34,0,5,11,15,2015-01-01T00:00:00Z,2023-07-01,,,,,,,,,,,,,,,,,,,,,11,3660183,2019-07-01,2020-01-01,,1,1,11,,,,,,,,,,,,,,,,,,,,,,,,,,,,4400014,4400014,22357107133,21565249938
flask-admin/flask-admin,2020-07-01,14,29,313766,126,313892,4461,16,85,19,104,18,13,313681,107,313788,4443,26,805,39,844,37,10,720,20,740,19,16,85,19,104,18,171,97,74,29,68,12,62,100,73,47,3,11,16,15,2015-01-01T00:00:00Z,2023-07-01,,,,,,,,,,,,,,,,,,,,,12,3660183,2019-07-01,2020-01-01,,1,1,11,,,,,,,,,,,,,,,,,,,,,,,,,,,,5069510,5069510,30584657165,29729975178
flask-admin/flask-admin,2021-01-01,10,23,317024,2581,319605,4583,13,1990,1812,3802,45,10,315034,769,315803,4538,20,2151,1846,3997,78,7,161,34,195,33,13,1990,1812,3802,45,86,74,12,14,60,4,8,34,64,28,0,0,10,20,2015-01-01T00:00:00Z,2023-07-01,,,,,,,,,,,,,,,,,,,,,13,3660183,2019-07-01,2020-01-01,,1,1,11,,,,,,,,,,,,,,,,,,,,,,,,,,,,6774451,6774451,41287849980,40133044925
flask-admin/flask-admin,2021-07-01,2,4,5,2,7,2,2,5,2,7,2,2,0,0,0,0,4,5,2,7,2,2,0,0,0,0,2,5,2,7,2,149,76,73,18,58,33,40,82,58,45,11,1,26,18,2015-01-01T00:00:00Z,2023-07-01,,,,,,,,,,,,,,,,,,,,,14,3660183,2019-07-01,2020-01-01,,1,1,11,,,,,,,,,,,,,,,,,,,,,,,,,,,,10676936,10676936,55083339709,53314796393
flask-admin/flask-admin,2022-01-01,0,0,0,0,0,0,0,0,0,0,0,0,0,0,0,0,0,0,0,0,0,0,0,0,0,0,0,0,0,0,0,96,72,24,20,52,12,12,47,62,37,4,0,7,13,2015-01-01T00:00:00Z,2023-07-01,,,,,,,,,,,,,,,,,,,,,15,3660183,2019-07-01,2020-01-01,,1,1,11,,,,,,,,,,,,,,,,,,,,,,,,,,,,9853819,9853819,65259184370,63320115084
flask-admin/flask-admin,2022-07-01,0,0,0,0,0,0,0,0,0,0,0,0,0,0,0,0,0,0,0,0,0,0,0,0,0,0,0,0,0,0,0,56,35,21,7,28,8,13,26,32,23,1,0,7,7,2015-01-01T00:00:00Z,2023-07-01,,,,,,,,,,,,,,,,,,,,,16,3660183,2019-07-01,2020-01-01,,1,1,11,,,,,,,,,,,,,,,,,,,,,,,,,,,,10060978,10060978,80389269242,77771994446
flask-admin/flask-admin,2023-01-01,0,0,0,0,0,0,0,0,0,0,0,0,0,0,0,0,0,0,0,0,0,0,0,0,0,0,0,0,0,0,0,67,63,4,13,50,1,3,31,48,25,2,1,13,8,2015-01-01T00:00:00Z,2023-07-01,,,,,,,,,,,,,,,,,,,,,17,3660183,2019-07-01,2020-01-01,,1,1,11,,,,,,,,,,,,,,,,,,,,,,,,,,,,9557064,9557064,88721672343,85959083168
jazzband/django-debug-toolbar,2015-01-01,0,58,964,775,1739,190,0,0,0,0,0,58,964,775,1739,190,58,964,775,1739,190,58,964,775,1739,190,0,0,0,0,0,0,0,0,0,0,0,0,0,0,0,0,0,0,0,2015-01-01T00:00:00Z,2023-07-01,,,,,,,,,,,,,,,,,,,,,1,347634,2020-07-01,2021-01-01,,1,0,13,,,,,,,,,,,,,,,,,,,,,,,,,,,,,,,
jazzband/django-debug-toolbar,2015-07-01,0,51,676,571,1247,203,0,0,0,0,0,51,676,571,1247,203,51,676,571,1247,203,51,676,571,1247,203,0,0,0,0,0,0,0,0,0,0,0,0,0,0,0,0,0,0,0,2015-01-01T00:00:00Z,2023-07-01,,,,,,,,,,,,,,,,,,,,,2,347634,2020-07-01,2021-01-01,,1,0,13,,,,,,,,,,,,,,,,,,,,,,,,,,,,,,,
jazzband/django-debug-toolbar,2016-01-01,0,34,463,494,957,94,0,0,0,0,0,34,463,494,957,94,34,463,494,957,94,34,463,494,957,94,0,0,0,0,0,0,0,0,0,0,0,0,0,0,0,0,0,0,0,2015-01-01T00:00:00Z,2023-07-01,,,,,,,,,,,,,,,,,,,,,3,347634,2020-07-01,2021-01-01,,1,0,13,,,,,,,,,,,,,,,,,,,,,,,,,,,,,,,
jazzband/django-debug-toolbar,2016-07-01,12,55,1928,1475,3403,160,12,608,457,1065,51,43,1320,1018,2338,109,55,1928,1475,3403,160,43,1320,1018,2338,109,12,608,457,1065,51,191,114,77,29,85,11,66,121,69,71,0,13,11,22,2015-01-01T00:00:00Z,2023-07-01,0.869565217391304,0.565217391304348,0.608695652173913,0.695652173913044,0.739130434782609,0.739130434782609,3,0.2,0.733333333333333,0,0,0,0.466666666666667,0.666666666666667,0.666666666666667,0.733333333333333,0.733333333333333,14,0.933333333333333,,4,347634,2020-07-01,2021-01-01,,1,0,13,3,57,43.1372549019608,1.31707317073171,78.0487804878049,0.348722683902739,0.350480109739369,0.350480109739369,0.0535714285714286,0,FALSE,0,0,0,0,0,4.66666666666667,2.2,2.5,3,6,7.8,,,,,0.0526315789473684,,,,
jazzband/django-debug-toolbar,2017-01-01,27,63,1155,430,1585,173,28,651,226,877,91,35,504,204,708,82,63,1155,430,1585,173,35,504,204,708,82,28,651,226,877,91,180,110,70,31,79,9,61,78,72,51,0,6,25,20,2015-01-01T00:00:00Z,2023-07-01,,,,,,,,,,,,,,,,,,,,,5,347634,2020-07-01,2021-01-01,,1,0,13,3,59,49.0196078431373,1.31707317073171,70.7317073170732,0.383194829178209,0.388888888888889,0.388888888888889,0.0517241379310345,1,FALSE,1,1,1,1,1,10.5,3.7,6.25,10.5,14.75,17.3,,,,,0.0508474576271187,,,,
jazzband/django-debug-toolbar,2017-07-01,10.5,29,440,328,768,84,12,165,210,375,41,17,275,118,393,43,29,440,328,768,84,17,275,118,393,43,12,165,210,375,41,133,71,62,18,53,13,49,67,61,54,0,0,13,18,2015-01-01T00:00:00Z,2023-07-01,,,,,,,,,,,,,,,,,,,,,6,347634,2020-07-01,2021-01-01,,1,0,13,2,47,28.5714285714286,1.15384615384615,84.6153846153846,0.555555555555556,0.555555555555556,0.555555555555556,0.0869565217391304,1.5,FALSE,1.1,1.25,1.5,1.75,1.9,10,10,10,10,10,10,,,,,0.0425531914893617,,,,
jazzband/django-debug-toolbar,2018-01-01,16.5,37,439,440,879,159,20,137,83,220,54,17,302,357,659,105,37,439,440,879,159,17,302,357,659,105,20,137,83,220,54,89,42,47,13,29,8,39,32,37,28,0,2,14,10,2015-01-01T00:00:00Z,2023-07-01,,,,,,,,,,,,,,,,,,,,,7,347634,2020-07-01,2021-01-01,,1,0,13,2,37,32,1.17391304347826,82.6086956521739,0.555555555555556,0.555555555555556,0.555555555555556,0.111111111111111,2,FALSE,2,2,2,2,2,8.5,6.5,7.25,8.5,9.75,10.5,,,,,0.0540540540540541,,,,
jazzband/django-debug-toolbar,2018-07-01,30,98,2340,1823,4163,331,50,562,486,1048,96,48,1778,1337,3115,235,98,2340,1823,4163,331,48,1778,1337,3115,235,50,562,486,1048,96,163,56,107,10,46,31,76,97,45,73,0,21,35,14,2015-01-01T00:00:00Z,2023-07-01,,,,,,,,,,,,,,,,,,,,,8,347634,2020-07-01,2021-01-01,,1,0,13,2,40,36.3636363636364,1.20689655172414,79.3103448275862,0.617959183673469,0.617959183673469,0.617959183673469,0.153846153846154,4.25,FALSE,1.6,2.5,4.5,6.25,6.7,7,2.2,4,7,10,11.8,,,,,0.05,,,,
jazzband/django-debug-toolbar,2019-01-01,33,72,1353,1559,2912,273,35,589,811,1400,143,37,764,748,1512,130,72,1353,1559,2912,273,37,764,748,1512,130,35,589,811,1400,143,97,51,46,11,40,16,30,36,38,28,0,2,35,9,2015-01-01T00:00:00Z,2023-07-01,,,,,,,,,,,,,,,,,,,,,9,347634,2020-07-01,2021-01-01,,1,0,13,1,33,0,1,100,,,,0.0625,9,FALSE,9,9,9,9,9,38,38,38,38,38,38,,,,,0.0303030303030303,3494738,3494738,12574058189,12144150087
jazzband/django-debug-toolbar,2019-07-01,23,49,667,588,1255,140,25,235,137,372,48,24,432,451,883,92,49,667,588,1255,140,24,432,451,883,92,25,235,137,372,48,115,83,32,25,58,11,21,43,61,27,0,8,22,19,2015-01-01T00:00:00Z,2023-07-01,,,,,,,,,,,,,,,,,,,,,10,347634,2020-07-01,2021-01-01,,1,0,13,2,39,30.3030303030303,1.16666666666667,83.3333333333333,0.510204081632653,0.510204081632653,0.510204081632653,0.0526315789473684,0,FALSE,0,0,0,0,0,10.5,5.3,7.25,10.5,13.75,15.7,,,,,0.0512820512820513,4166318,4166318,17417408741,16836557216
jazzband/django-debug-toolbar,2020-01-01,53,116,3763,3725,7488,359,60,1981,2029,4010,184,56,1782,1696,3478,175,116,3763,3725,7488,359,56,1782,1696,3478,175,60,1981,2029,4010,184,172,65,107,18,47,16,91,39,41,32,0,13,54,9,2015-01-01T00:00:00Z,2023-07-01,,,,,,,,,,,,,,,,,,,,,11,347634,2020-07-01,2021-01-01,,1,0,13,3,30,53.5714285714286,1.34782608695652,69.5652173913044,0.335640138408305,0.336108220603538,0.336108220603538,0.206896551724138,2,FALSE,1,1,1,2.5,3.4,21.3333333333333,6.8,14,26,31,34,,,,,0.1,4861288,4861288,22357107133,21565249938
jazzband/django-debug-toolbar,2020-07-01,71,176,5315,4186,9501,542,82,2394,2410,4804,236,94,2921,1776,4697,306,176,5315,4186,9501,542,94,2921,1776,4697,306,82,2394,2410,4804,236,391,216,175,61,155,56,119,162,116,84,58,47,81,37,2015-01-01T00:00:00Z,2023-07-01,,,,,,,,,,,,,,,,,,,,,12,347634,2020-07-01,2021-01-01,,1,0,13,4,66,42.0289855072464,1.25862068965517,75.8620689655172,0.288523090992227,0.29742916119347,0.29742916119347,0.215384615384615,2.63636363636364,TRUE,1,1,1,4,6,41.3333333333333,17.4,19.5,23,54,72.6,18.1818181818182,20.6896551724138,36.3636363636364,55.1724137931035,0.0606060606060606,5705782,5705782,30584657165,29729975178
jazzband/django-debug-toolbar,2021-01-01,16,48,2953,1159,4112,213,23,531,274,805,80,25,2422,885,3307,133,48,2953,1159,4112,213,25,2422,885,3307,133,23,531,274,805,80,177,83,94,23,60,26,68,81,49,46,35,20,21,18,2015-01-01T00:00:00Z,2023-07-01,,,,,,,,,,,,,,,,,,,,,13,347634,2020-07-01,2021-01-01,,1,1,13,,,,,,,,,,,,,,,,,,,,,,,,,,,,7339504,7339504,41287849980,40133044925
jazzband/django-debug-toolbar,2021-07-01,42,105,4257,1858,6115,326,55,3479,1546,5025,192,50,778,312,1090,134,105,4257,1858,6115,326,50,778,312,1090,134,55,3479,1546,5025,192,255,97,158,21,76,50,108,119,58,73,41,13,54,16,2015-01-01T00:00:00Z,2023-07-01,,,,,,,,,,,,,,,,,,,,,14,347634,2020-07-01,2021-01-01,,1,1,13,,,,,,,,,,,,,,,,,,,,,,,,,,,,7227511,7227511,55083339709,53314796393
jazzband/django-debug-toolbar,2022-01-01,35,102,1836,1025,2861,219,45,492,289,781,73,57,1344,736,2080,146,102,1836,1025,2861,219,57,1344,736,2080,146,45,492,289,781,73,201,85,116,26,59,37,79,89,48,45,59,49,50,11,2015-01-01T00:00:00Z,2023-07-01,,,,,,,,,,,,,,,,,,,,,15,347634,2020-07-01,2021-01-01,,1,1,13,,,,,,,,,,,,,,,,,,,,,,,,,,,,8267823,8267823,65259184370,63320115084
jazzband/django-debug-toolbar,2022-07-01,37,93,4822,3414,8236,206,46,3981,2986,6967,98,47,841,428,1269,108,93,4822,3414,8236,206,47,841,428,1269,108,46,3981,2986,6967,98,220,118,102,28,90,31,71,102,74,53,58,34,48,33,2015-01-01T00:00:00Z,2023-07-01,,,,,,,,,,,,,,,,,,,,,16,347634,2020-07-01,2021-01-01,,1,1,13,,,,,,,,,,,,,,,,,,,,,,,,,,,,9224449,9224449,80389269242,77771994446
jazzband/django-debug-toolbar,2023-01-01,28,100,4618,3309,7927,209,37,276,191,467,69,63,4342,3118,7460,140,100,4618,3309,7927,209,63,4342,3118,7460,140,37,276,191,467,69,207,101,106,23,78,36,70,114,67,59,56,38,40,28,2015-01-01T00:00:00Z,2023-07-01,,,,,,,,,,,,,,,,,,,,,17,347634,2020-07-01,2021-01-01,,1,1,13,,,,,,,,,,,,,,,,,,,,,,,,,,,,10854566,10854566,88721672343,85959083168
python-poetry/poetry,2019-07-01,20,139,159626,141021,300647,5040,26,15505,6012,21517,400,113,144121,135009,279130,4640,117,11796,4327,16123,458,92,10039,1411,11450,324,25,1757,2916,4673,134,345,309,36,95,214,3,33,237,212,159,0,16,24,44,2019-07-01T00:00:00Z,2023-07-01,,,,,,,,,,,,,,,,,,,,,10,165325,2022-01-01,2022-07-01,,1,0,16,2,125,14.5454545454545,1.07547169811321,92.4528301886792,0.544475223145583,0.544475223145583,0.544475223145583,0.00806451612903226,7,FALSE,7,7,7,7,7,0,0,0,0,0,0,,,,,0.016,1850092,1850092,17417408741,16836557216
python-poetry/poetry,2020-01-01,121.5,171,16639,71890,88529,1790,171,16639,71890,88529,1790,0,0,0,0,0,165,8150,3973,12123,485,0,0,0,0,0,165,8150,3973,12123,485,2473,2066,407,460,1606,172,235,1703,1504,1191,0,280,164,282,2019-07-01T00:00:00Z,2023-07-01,,,,,,,,,,,,,,,,,,,,,11,165325,2022-01-01,2022-07-01,,1,0,16,5,928,25.2983293556086,1.16164383561644,87.1232876712329,0.341047420883038,0.351203720185119,0.351203720185119,0.104638619201726,2.3010752688172,TRUE,1,1,1,3,4,19.5,9.2,15.5,19.5,23.5,29.8,10.1293103448276,25.7534246575342,26.8817204301075,24.7663551401869,0.00538793103448276,4805620,4805620,22357107133,21565249938
python-poetry/poetry,2020-07-01,68.5,216,19313,8488,27801,800,115,14591,5443,20034,443,101,4722,3045,7767,357,216,19313,8488,27801,800,101,4722,3045,7767,357,115,14591,5443,20034,443,4132,3596,536,903,2693,229,307,2890,2115,1646,343,338,176,425,2019-07-01T00:00:00Z,2023-07-01,,,,,,,,,,,,,,,,,,,,,12,165325,2022-01-01,2022-07-01,,1,0,16,4,1037,36.6373902132999,1.24572317262831,79.1601866251944,0.348875775624991,0.349754754122889,0.349754754122889,0.371621621621622,3.29319371727749,TRUE,1,1,2,4,7,56.6666666666667,21.2,35,58,79,91.6,36.9334619093539,59.5645412130638,25.3926701570681,37.0429252782194,0.0038572806171649,7598285,7598285,30584657165,29729975178
python-poetry/poetry,2021-01-01,27,55,8224,7029,15253,339,54,8223,7028,15251,338,1,1,1,2,1,55,8224,7029,15253,339,1,1,1,2,1,54,8223,7028,15251,338,2551,1997,554,382,1615,190,364,1773,1487,1234,344,238,104,245,2019-07-01T00:00:00Z,2023-07-01,,,,,,,,,,,,,,,,,,,,,13,165325,2022-01-01,2022-07-01,,1,0,16,10,991,25.6565656565657,1.16091954022989,86.8965517241379,0.187429994208809,0.192988922654642,0.192988922654642,0.138383838383838,2.14728682170543,TRUE,1,1,1,3,4,13.25,2.7,3.75,6,12.25,27.1,13.1180625630676,29.8850574712644,27.1317829457364,35.0180505415162,0.0100908173562059,12735315,12735315,41287849980,40133044925
python-poetry/poetry,2021-07-01,21.5,179,47450,35661,83111,1571,33,3099,1283,4382,102,146,44351,34378,78729,1469,177,19971,12964,32935,1092,144,16872,11681,28553,990,33,3099,1283,4382,102,2515,2018,497,371,1647,142,355,1732,1565,1292,400,318,117,345,2019-07-01T00:00:00Z,2023-07-01,,,,,,,,,,,,,,,,,,,,,14,165325,2022-01-01,2022-07-01,,1,0,16,10,1005,22.3376623376623,1.13505747126437,88.7931034482759,0.205803111169337,0.21007530844416,0.21007530844416,0.0408366533864542,1.80555555555556,TRUE,1,1,1,2,3.5,9.4,2,2,3,4,23.2,3.681592039801,10.632183908046,27.7777777777778,18.4615384615385,0.0099502487562189,21839768,21839768,55083339709,53314796393
python-poetry/poetry,2022-01-01,37,269,50902,38947,89849,1728,70,37955,28800,66755,701,199,12947,10147,23094,1027,267,12526,9556,22082,933,198,10650,8040,18690,785,69,1876,1516,3392,148,3707,2922,785,604,2318,286,499,2457,2096,1720,1072,777,263,602,2019-07-01T00:00:00Z,2023-07-01,,,,,,,,,,,,,,,,,,,,,15,165325,2022-01-01,2022-07-01,,1,0,16,10,1042,50.7115135834411,1.43669724770642,71.7431192660551,0.146835347758392,0.153160470991977,0.153160470991977,0.197886647454371,2.58883248730964,TRUE,1,1,2,3,5,31.8888888888889,4.6,8,34,56,64,19.0019193857965,36.3302752293578,43.6548223350254,49.4117647058824,0.00959692898272553,35913959,35913959,65259184370,63320115084
python-poetry/poetry,2022-07-01,71.5,360,21245,18914,40159,1228,89,3640,3039,6679,359,271,17605,15875,33480,869,359,19918,17430,37348,1106,271,17605,15875,33480,869,88,2313,1555,3868,237,5264,4448,816,896,3552,298,518,3279,2903,2006,860,472,324,973,2019-07-01T00:00:00Z,2023-07-01,,,,,,,,,,,,,,,,,,,,,16,165325,2022-01-01,2022-07-01,,1,1,16,6,1304,42.9810725552051,1.32020725388601,75.5440414507772,0.304049610518494,0.309274488686913,0.309274488686913,0.00844205679201842,1.25,FALSE,1,1,1,1,1.6,3.33333333333333,1.6,2.5,4,4.5,4.8,,,,,0.00460122699386503,55775031,55775031,80389269242,77771994446
python-poetry/poetry,2023-01-01,37,272,22333,22745,45078,1256,48,4290,6987,11277,190,224,18043,15758,33801,1066,272,22333,22745,45078,1256,224,18043,15758,33801,1066,48,4290,6987,11277,190,3130,2513,617,531,1982,265,352,1997,1733,1255,679,479,205,468,2019-07-01T00:00:00Z,2023-07-01,,,,,,,,,,,,,,,,,,,,,17,165325,2022-01-01,2022-07-01,,1,1,16,,,,,,,,,,,,,,,,,,,,,,,,,,,,71299783,71299783,88721672343,85959083168
